{
  "prisma.config.ts": 1775731404.6830652,
  "next-env.d.ts": 1775732836.8834403,
  "next.config.ts": 1775728781.0592346,
  "app/layout.tsx": 1776140155.4397085,
  "app/page.tsx": 1776142353.5857077,
  "app/popup/upload-logo/page.tsx": 1776144272.3876514,
  "app/popup/upload-reserve-study/page.tsx": 1776144278.2091455,
  "app/associations/page.tsx": 1776143122.0716844,
  "app/associations/new/page.tsx": 1776139793.5483198,
  "app/study/page.tsx": 1776139793.5518272,
  "app/posts/page.tsx": 1775731839.9219263,
  "app/otp/page.tsx": 1776139793.550012,
  "app/uploadreservestudy/page.tsx": 1776139793.552077,
  "app/invitemember/page.tsx": 1776139793.5495248,
  "app/info/page.tsx": 1776139793.549367,
  "app/dashboard/page.tsx": 1776140747.311496,
  "app/user-manager/page.tsx": 1776145029.7421014,
  "app/register/page.tsx": 1776139793.5514774,
  "app/profile/page.tsx": 1776139793.5505457,
  "app/api/posts/route.ts": 1775731130.4227695,
  "app/add-association/page.tsx": 1776144041.83359,
  "app/my-association/page.tsx": 1776143125.5327344,
  "app/login/page.tsx": 1776139793.5497172,
  "components/upload-logo-modal.tsx": 1776144886.2146504,
  "components/tab-switcher.tsx": 1776139793.5525095,
  "components/association-detail.tsx": 1776143721.0496836,
  "components/upload-reserve-study-modal.tsx": 1776139793.5533035,
  "components/dashboard-header.tsx": 1776142645.8780394,
  "components/page-footer.tsx": 1776139793.5524328,
  "components/left-panel.tsx": 1776139793.5523589,
  "components/ui/label.tsx": 1776139793.552763,
  "components/ui/phone-input.tsx": 1776139793.5528562,
  "components/ui/button.tsx": 1775728890.577434,
  "components/ui/checkbox.tsx": 1776139793.5525928,
  "components/ui/select.tsx": 1776139793.5530167,
  "components/ui/textarea.tsx": 1776139793.5531158,
  "components/ui/input.tsx": 1776139793.5526779,
  "lib/prisma.ts": 1775731266.5175211,
  "lib/utils.ts": 1775728890.613888,
  "lib/generated/prisma/browser.ts": 1775730998.8676143,
  "lib/generated/prisma/client.ts": 1775730998.8675466,
  "lib/generated/prisma/index.ts": 1775731251.2634604,
  "lib/generated/prisma/models.ts": 1775730998.8675978,
  "lib/generated/prisma/commonInputTypes.ts": 1775730998.8676867,
  "lib/generated/prisma/enums.ts": 1775730998.8675466,
  "lib/generated/prisma/internal/class.ts": 1775730998.8682349,
  "lib/generated/prisma/internal/prismaNamespace.ts": 1775730998.868221,
  "lib/generated/prisma/internal/prismaNamespaceBrowser.ts": 1775730998.8682256,
  "lib/generated/prisma/models/Post.ts": 1775730998.8681123,
  "README.md": 1775728781.0590699,
  "DESIGN_SYSTEM.md": 1775732801.3527026,
  "AGENTS.md": 1775728792.527811,
  "CLAUDE.md": 1776139793.5480423,
  "graphify-out/transcripts/movie.txt": 1776162405.5731175,
  "public/screen/Signup.pdf": 1776139793.5581388,
  "public/file.svg": 1775728781.0617166,
  "public/vercel.svg": 1775728781.0614889,
  "public/next.svg": 1775728781.0623906,
  "public/globe.svg": 1775728781.062119,
  "public/window.svg": 1775728781.0624664,
  "public/images/clogo.png": 1776139793.5550635,
  "public/images/type.png": 1776139793.556915,
  "public/images/Ellipse 353.png": 1776139793.5549982,
  "public/images/leftbg.png": 1776139793.5556512,
  "public/images/coworking 4.png": 1776139793.5553443,
  "public/images/coworking 5.png": 1776139793.5554183,
  "public/images/logo.png": 1776139793.5557382,
  "public/images/coworking 1.png": 1776139793.5551326,
  "public/images/coworking 2.png": 1776139793.555203,
  "public/images/coworking 3.png": 1776139793.5552735,
  "public/images/next.png": 1776139793.555811,
  "public/images/other.svg": 1776139793.555879,
  "public/images/thumb.png": 1776139793.5567613,
  "public/images/source/coworking.png": 1776139793.556324,
  "public/images/source/inflation.png": 1776139793.556489,
  "public/images/source/advisor.png": 1776139793.5560653,
  "public/images/source/business.png": 1776139793.556193,
  "public/images/source/teller-female.png": 1776139793.5566435,
  "public/screen/Signup.png": 1776139793.5590806,
  "public/screen/styleguide.jpeg": 1775731796.2617066,
  "public/video/movie.mp4": 1776139793.6453784
}